ExptID,,A,B,C,D
Ys,,0.4,0.4,0.4,0.4
GlnYs,,0.3,0.3,0.3,0.3
GK,,0.5,0.5,0.5,0.5
YPC,,0,1,2,1
PDH,,0.5,0.6,0.7,0.8
PK,,0.1,0.2,0.3,0.4
ROF,,1,1,1,1
RSM,,0.5,0.5,0.5,0.5
TPI,,1,1,1,1
EaKG,,0,0,0,0
ECit,,0,0,0,0
EOAA,,0,0,0,0
nTurns,,35,35,35,35
ExactNA,,0,0,0,0
Lac,xxx,1,0,1,0
Lac,oox,0,1,0,1
FA,xx,1,0,1,1
FA,ox,0,1,0,0
SuccYs,xxxx,1,0,1,1
SuccYs,xooo,0,1,0,0
CO2,x,1,1,1,1
Gln,xxxxx,1,0,1,1
Gln,xoooo,0,1,0,0
Glyc,xxx,1,1,1,0
Glyc,oox,0,0,0,1
SkipAnimation,,1,1,1,1
SkipMolLabelDiagram,,1,1,1,1
SkipStackedPlots,,1,1,1,1
SkipAla,,1,1,1,1
SkipAsp,,1,1,1,1
SkipbHB,,1,1,1,1
SkipMAG,,1,1,1,1
SkipGlu,,0,0,0,0
